big_clustering_00000000,1
big_clustering_00000001,2
big_clustering_00000002,1
big_clustering_00000003,3
big_clustering_00000004,1
big_clustering_00000005,1
big_clustering_00000006,3
big_clustering_00000007,1
big_clustering_00000008,4
big_clustering_00000009,5
big_clustering_00000010,1
big_clustering_00000011,1
big_clustering_00000012,6
big_clustering_00000013,1
big_clustering_00000014,1
big_clustering_00000015,3
big_clustering_00000016,1
big_clustering_00000017,5
big_clustering_00000018,1
big_clustering_00000019,1
big_clustering_00000020,1
big_clustering_00000021,1
big_clustering_00000022,1
big_clustering_00000023,3
big_clustering_00000024,3
big_clustering_00000025,1
big_clustering_00000026,1
big_clustering_00000027,1
big_clustering_00000028,1
big_clustering_00000029,1
big_clustering_00000030,1
big_clustering_00000031,1
big_clustering_00000032,1
big_clustering_00000033,1
big_clustering_00000034,1
big_clustering_00000035,1
big_clustering_00000036,1
big_clustering_00000037,1
big_clustering_00000038,1
big_clustering_00000039,1
big_clustering_00000040,1
big_clustering_00000041,1
big_clustering_00000042,1
big_clustering_00000043,1
big_clustering_00000044,1
big_clustering_00000045,1
big_clustering_00000046,1
big_clustering_00000047,1
big_clustering_00000048,1
big_clustering_00000049,1
big_clustering_00000050,1
big_clustering_00000051,1
big_clustering_00000052,1
big_clustering_00000053,1
big_clustering_00000054,1
big_clustering_00000055,1
big_clustering_00000056,1
big_clustering_00000057,1
big_clustering_00000058,1
big_clustering_00000059,1
big_clustering_00000060,1
big_clustering_00000061,1
big_clustering_00000062,1
big_clustering_00000063,1
big_clustering_00000064,1
big_clustering_00000065,1
big_clustering_00000066,1
big_clustering_00000067,1
big_clustering_00000068,1
big_clustering_00000069,1
big_clustering_00000070,1
big_clustering_00000071,1
big_clustering_00000072,1
big_clustering_00000073,1
big_clustering_00000074,1
big_clustering_00000075,1
big_clustering_00000076,1
big_clustering_00000077,1
big_clustering_00000078,1
big_clustering_00000079,1
big_clustering_00000080,1
big_clustering_00000081,1
big_clustering_00000082,1
big_clustering_00000083,1
big_clustering_00000084,1
big_clustering_00000085,1
big_clustering_00000086,1
big_clustering_00000087,1
big_clustering_00000088,1
big_clustering_00000089,1
big_clustering_00000090,1
big_clustering_00000091,1
big_clustering_00000092,1
big_clustering_00000093,1
big_clustering_00000094,1
big_clustering_00000095,1
big_clustering_00000096,1
big_clustering_00000097,1
big_clustering_00000098,1
big_clustering_00000099,1
big_clustering_00000100,1
big_clustering_00000101,1
big_clustering_00000102,1
big_clustering_00000103,1
big_clustering_00000104,1
big_clustering_00000105,1
big_clustering_00000106,1
big_clustering_00000107,1
big_clustering_00000108,1
big_clustering_00000109,1
big_clustering_00000110,1
big_clustering_00000111,1
big_clustering_00000112,3
big_clustering_00000113,1
big_clustering_00000114,1
big_clustering_00000115,1
big_clustering_00000116,1
big_clustering_00000117,1
big_clustering_00000118,1
big_clustering_00000119,1
big_clustering_00000120,1
big_clustering_00000121,1
big_clustering_00000122,1
big_clustering_00000123,1
big_clustering_00000124,3
big_clustering_00000125,1
big_clustering_00000126,1
big_clustering_00000127,1
big_clustering_00000128,1
big_clustering_00000129,1
big_clustering_00000130,1
big_clustering_00000131,1
big_clustering_00000132,1
big_clustering_00000133,1
big_clustering_00000134,1
big_clustering_00000135,1
big_clustering_00000136,1
big_clustering_00000137,1
big_clustering_00000138,1
big_clustering_00000139,3
big_clustering_00000140,1
big_clustering_00000141,1
big_clustering_00000142,1
big_clustering_00000143,1
big_clustering_00000144,1
big_clustering_00000145,1
big_clustering_00000146,1
big_clustering_00000147,1
big_clustering_00000148,1
big_clustering_00000149,1
big_clustering_00000150,1
big_clustering_00000151,1
big_clustering_00000152,1
big_clustering_00000153,1
big_clustering_00000154,1
big_clustering_00000155,3
big_clustering_00000156,1
big_clustering_00000157,1
big_clustering_00000158,1
big_clustering_00000159,7
big_clustering_00000160,1
big_clustering_00000161,1
big_clustering_00000162,1
big_clustering_00000163,1
big_clustering_00000164,1
big_clustering_00000165,1
big_clustering_00000166,1
big_clustering_00000167,1
big_clustering_00000168,1
big_clustering_00000169,1
big_clustering_00000170,5
big_clustering_00000171,1
big_clustering_00000172,1
big_clustering_00000173,1
big_clustering_00000174,1
big_clustering_00000175,1
big_clustering_00000176,1
big_clustering_00000177,1
big_clustering_00000178,1
big_clustering_00000179,1
big_clustering_00000180,1
big_clustering_00000181,1
big_clustering_00000182,1
big_clustering_00000183,1
big_clustering_00000184,1
big_clustering_00000185,1
big_clustering_00000186,1
big_clustering_00000187,1
big_clustering_00000188,1
big_clustering_00000189,3
big_clustering_00000190,3
big_clustering_00000191,1
big_clustering_00000192,3
big_clustering_00000193,1
big_clustering_00000194,3
big_clustering_00000195,1
big_clustering_00000196,5
big_clustering_00000197,1
big_clustering_00000198,1
big_clustering_00000199,3
big_clustering_00000200,1
big_clustering_00000201,1
big_clustering_00000202,3
big_clustering_00000203,1
big_clustering_00000204,1
big_clustering_00000205,1
big_clustering_00000206,1
big_clustering_00000207,1
big_clustering_00000208,3
big_clustering_00000209,1
big_clustering_00000210,1
big_clustering_00000211,1
big_clustering_00000212,3
big_clustering_00000213,1
big_clustering_00000214,3
big_clustering_00000215,2
big_clustering_00000216,3
big_clustering_00000217,3
big_clustering_00000218,3
big_clustering_00000219,3
big_clustering_00000220,3
big_clustering_00000221,3
big_clustering_00000222,3
big_clustering_00000223,1
big_clustering_00000224,3
big_clustering_00000225,3
big_clustering_00000226,3
big_clustering_00000227,3
big_clustering_00000228,3
big_clustering_00000229,3
big_clustering_00000230,8
big_clustering_00000231,1
big_clustering_00000232,3
big_clustering_00000233,3
big_clustering_00000234,3
big_clustering_00000235,3
big_clustering_00000236,3
big_clustering_00000237,3
big_clustering_00000238,3
big_clustering_00000239,3
big_clustering_00000240,3
big_clustering_00000241,3
big_clustering_00000242,3
big_clustering_00000243,3
big_clustering_00000244,9
big_clustering_00000245,5
big_clustering_00000246,3
big_clustering_00000247,3
big_clustering_00000248,3
big_clustering_00000249,2
big_clustering_00000250,3
big_clustering_00000251,3
big_clustering_00000252,5
big_clustering_00000253,3
big_clustering_00000254,3
big_clustering_00000255,3
big_clustering_00000256,3
big_clustering_00000257,5
big_clustering_00000258,2
big_clustering_00000259,3
big_clustering_00000260,5
big_clustering_00000261,3
big_clustering_00000262,5
big_clustering_00000263,3
big_clustering_00000264,6
big_clustering_00000265,3
big_clustering_00000266,3
big_clustering_00000267,2
big_clustering_00000268,2
big_clustering_00000269,3
big_clustering_00000270,3
big_clustering_00000271,2
big_clustering_00000272,8
big_clustering_00000273,3
big_clustering_00000274,10
big_clustering_00000275,8
big_clustering_00000276,3
big_clustering_00000277,11
big_clustering_00000278,3
big_clustering_00000279,8
big_clustering_00000280,2
big_clustering_00000281,3
big_clustering_00000282,11
big_clustering_00000283,5
big_clustering_00000284,3
big_clustering_00000285,12
big_clustering_00000286,13
big_clustering_00000287,3
big_clustering_00000288,7
big_clustering_00000289,10
big_clustering_00000290,9
big_clustering_00000291,3
big_clustering_00000292,8
big_clustering_00000293,3
big_clustering_00000294,5
big_clustering_00000295,3
big_clustering_00000296,5
big_clustering_00000297,14
big_clustering_00000298,3
big_clustering_00000299,5
big_clustering_00000300,9
big_clustering_00000301,3
big_clustering_00000302,7
big_clustering_00000303,7
big_clustering_00000304,15
big_clustering_00000305,8
big_clustering_00000306,2
big_clustering_00000307,16
big_clustering_00000308,13
big_clustering_00000309,4
big_clustering_00000310,10
big_clustering_00000311,11
big_clustering_00000312,7
big_clustering_00000313,9
big_clustering_00000314,5
big_clustering_00000315,7
big_clustering_00000316,5
big_clustering_00000317,8
big_clustering_00000318,5
big_clustering_00000319,13
big_clustering_00000320,7
big_clustering_00000321,13
big_clustering_00000322,12
big_clustering_00000323,10
big_clustering_00000324,8
big_clustering_00000325,10
big_clustering_00000326,17
big_clustering_00000327,9
big_clustering_00000328,8
big_clustering_00000329,12
big_clustering_00000330,7
big_clustering_00000331,7
big_clustering_00000332,8
big_clustering_00000333,10
big_clustering_00000334,12
big_clustering_00000335,11
big_clustering_00000336,13
big_clustering_00000337,10
big_clustering_00000338,14
big_clustering_00000339,12
big_clustering_00000340,18
big_clustering_00000341,5
big_clustering_00000342,11
big_clustering_00000343,12
big_clustering_00000344,10
big_clustering_00000345,16
big_clustering_00000346,4
big_clustering_00000347,11
big_clustering_00000348,14
big_clustering_00000349,13
big_clustering_00000350,11
big_clustering_00000351,17
big_clustering_00000352,7
big_clustering_00000353,17
big_clustering_00000354,5
big_clustering_00000355,14
big_clustering_00000356,12
big_clustering_00000357,19
big_clustering_00000358,10
big_clustering_00000359,12
big_clustering_00000360,10
big_clustering_00000361,4
big_clustering_00000362,18
big_clustering_00000363,13
big_clustering_00000364,4
big_clustering_00000365,12
big_clustering_00000366,4
big_clustering_00000367,11
big_clustering_00000368,20
big_clustering_00000369,14
big_clustering_00000370,4
big_clustering_00000371,14
big_clustering_00000372,13
big_clustering_00000373,13
big_clustering_00000374,13
big_clustering_00000375,13
big_clustering_00000376,13
big_clustering_00000377,19
big_clustering_00000378,18
big_clustering_00000379,20
big_clustering_00000380,14
big_clustering_00000381,10
big_clustering_00000382,13
big_clustering_00000383,13
big_clustering_00000384,13
big_clustering_00000385,11
big_clustering_00000386,11
big_clustering_00000387,13
big_clustering_00000388,14
big_clustering_00000389,18
big_clustering_00000390,10
big_clustering_00000391,13
big_clustering_00000392,14
big_clustering_00000393,13
big_clustering_00000394,16
big_clustering_00000395,13
big_clustering_00000396,11
big_clustering_00000397,14
big_clustering_00000398,14
big_clustering_00000399,13
big_clustering_00000400,14
big_clustering_00000401,10
big_clustering_00000402,11
big_clustering_00000403,14
big_clustering_00000404,21
big_clustering_00000405,10
big_clustering_00000406,21
big_clustering_00000407,18
big_clustering_00000408,13
big_clustering_00000409,14
big_clustering_00000410,14
big_clustering_00000411,12
big_clustering_00000412,18
big_clustering_00000413,13
big_clustering_00000414,16
big_clustering_00000415,14
big_clustering_00000416,11
big_clustering_00000417,13
big_clustering_00000418,17
big_clustering_00000419,22
big_clustering_00000420,13
big_clustering_00000421,20
big_clustering_00000422,15
big_clustering_00000423,21
big_clustering_00000424,20
big_clustering_00000425,20
big_clustering_00000426,14
big_clustering_00000427,13
big_clustering_00000428,4
big_clustering_00000429,13
big_clustering_00000430,13
big_clustering_00000431,13
big_clustering_00000432,17
big_clustering_00000433,11
big_clustering_00000434,13
big_clustering_00000435,20
big_clustering_00000436,14
big_clustering_00000437,13
big_clustering_00000438,20
big_clustering_00000439,14
big_clustering_00000440,13
big_clustering_00000441,20
big_clustering_00000442,21
big_clustering_00000443,18
big_clustering_00000444,6
big_clustering_00000445,14
big_clustering_00000446,21
big_clustering_00000447,13
big_clustering_00000448,14
big_clustering_00000449,14
big_clustering_00000450,13
big_clustering_00000451,17
big_clustering_00000452,19
big_clustering_00000453,17
big_clustering_00000454,14
big_clustering_00000455,17
big_clustering_00000456,18
big_clustering_00000457,22
big_clustering_00000458,20
big_clustering_00000459,18
big_clustering_00000460,19
big_clustering_00000461,21
big_clustering_00000462,13
big_clustering_00000463,16
big_clustering_00000464,13
big_clustering_00000465,15
big_clustering_00000466,22
big_clustering_00000467,21
big_clustering_00000468,19
big_clustering_00000469,18
big_clustering_00000470,22
big_clustering_00000471,21
big_clustering_00000472,14
big_clustering_00000473,17
big_clustering_00000474,13
big_clustering_00000475,10
big_clustering_00000476,6
big_clustering_00000477,21
big_clustering_00000478,20
big_clustering_00000479,17
big_clustering_00000480,13
big_clustering_00000481,13
big_clustering_00000482,17
big_clustering_00000483,13
big_clustering_00000484,22
big_clustering_00000485,20
big_clustering_00000486,13
big_clustering_00000487,14
big_clustering_00000488,20
big_clustering_00000489,13
big_clustering_00000490,15
big_clustering_00000491,13
big_clustering_00000492,6
big_clustering_00000493,6
big_clustering_00000494,19
big_clustering_00000495,6
big_clustering_00000496,21
big_clustering_00000497,17
big_clustering_00000498,21
big_clustering_00000499,22
big_clustering_00000500,14
big_clustering_00000501,18
big_clustering_00000502,17
big_clustering_00000503,6
big_clustering_00000504,21
big_clustering_00000505,6
big_clustering_00000506,15
big_clustering_00000507,14
big_clustering_00000508,17
big_clustering_00000509,19
big_clustering_00000510,22
big_clustering_00000511,17
big_clustering_00000512,19
big_clustering_00000513,17
big_clustering_00000514,6
big_clustering_00000515,15
big_clustering_00000516,6
big_clustering_00000517,15
big_clustering_00000518,21
big_clustering_00000519,17
big_clustering_00000520,18
big_clustering_00000521,6
big_clustering_00000522,17
big_clustering_00000523,17
big_clustering_00000524,6
big_clustering_00000525,6
big_clustering_00000526,23
big_clustering_00000527,17
big_clustering_00000528,6
big_clustering_00000529,6
big_clustering_00000530,19
big_clustering_00000531,17
big_clustering_00000532,15
big_clustering_00000533,15
big_clustering_00000534,17
big_clustering_00000535,22
big_clustering_00000536,17
big_clustering_00000537,17
big_clustering_00000538,6
big_clustering_00000539,17
big_clustering_00000540,6
big_clustering_00000541,19
big_clustering_00000542,15
big_clustering_00000543,19
big_clustering_00000544,15
big_clustering_00000545,6
big_clustering_00000546,19
big_clustering_00000547,17
big_clustering_00000548,18
big_clustering_00000549,22
big_clustering_00000550,6
big_clustering_00000551,19
big_clustering_00000552,19
big_clustering_00000553,22
big_clustering_00000554,19
big_clustering_00000555,6
big_clustering_00000556,6
big_clustering_00000557,18
big_clustering_00000558,24
big_clustering_00000559,18
big_clustering_00000560,6
big_clustering_00000561,19
big_clustering_00000562,18
big_clustering_00000563,18
big_clustering_00000564,17
big_clustering_00000565,17
big_clustering_00000566,22
big_clustering_00000567,18
big_clustering_00000568,19
big_clustering_00000569,19
big_clustering_00000570,17
big_clustering_00000571,6
big_clustering_00000572,6
big_clustering_00000573,25
big_clustering_00000574,19
big_clustering_00000575,6
big_clustering_00000576,17
big_clustering_00000577,19
big_clustering_00000578,17
big_clustering_00000579,22
big_clustering_00000580,19
big_clustering_00000581,21
big_clustering_00000582,15
big_clustering_00000583,6
big_clustering_00000584,24
big_clustering_00000585,25
big_clustering_00000586,24
big_clustering_00000587,19
big_clustering_00000588,15
big_clustering_00000589,22
big_clustering_00000590,15
big_clustering_00000591,19
big_clustering_00000592,17
big_clustering_00000593,6
big_clustering_00000594,18
big_clustering_00000595,15
big_clustering_00000596,17
big_clustering_00000597,26
big_clustering_00000598,19
big_clustering_00000599,6
big_clustering_00000600,6
big_clustering_00000601,19
big_clustering_00000602,22
big_clustering_00000603,6
big_clustering_00000604,17
big_clustering_00000605,17
big_clustering_00000606,18
big_clustering_00000607,23
big_clustering_00000608,18
big_clustering_00000609,6
big_clustering_00000610,6
big_clustering_00000611,19
big_clustering_00000612,15
big_clustering_00000613,15
big_clustering_00000614,22
big_clustering_00000615,26
big_clustering_00000616,17
big_clustering_00000617,6
big_clustering_00000618,19
big_clustering_00000619,19
big_clustering_00000620,22
big_clustering_00000621,17
big_clustering_00000622,19
big_clustering_00000623,24
big_clustering_00000624,22
big_clustering_00000625,15
big_clustering_00000626,15
big_clustering_00000627,18
big_clustering_00000628,18
big_clustering_00000629,22
big_clustering_00000630,19
big_clustering_00000631,19
big_clustering_00000632,15
big_clustering_00000633,19
big_clustering_00000634,19
big_clustering_00000635,19
big_clustering_00000636,18
big_clustering_00000637,15
big_clustering_00000638,26
big_clustering_00000639,17
big_clustering_00000640,19
big_clustering_00000641,23
big_clustering_00000642,26
big_clustering_00000643,19
big_clustering_00000644,24
big_clustering_00000645,18
big_clustering_00000646,17
big_clustering_00000647,19
big_clustering_00000648,17
big_clustering_00000649,15
big_clustering_00000650,24
big_clustering_00000651,26
big_clustering_00000652,22
big_clustering_00000653,22
big_clustering_00000654,15
big_clustering_00000655,15
big_clustering_00000656,24
big_clustering_00000657,24
big_clustering_00000658,23
big_clustering_00000659,15
big_clustering_00000660,26
big_clustering_00000661,26
big_clustering_00000662,24
big_clustering_00000663,24
big_clustering_00000664,23
big_clustering_00000665,22
big_clustering_00000666,17
big_clustering_00000667,19
big_clustering_00000668,6
big_clustering_00000669,6
big_clustering_00000670,23
big_clustering_00000671,22
big_clustering_00000672,6
big_clustering_00000673,23
big_clustering_00000674,19
big_clustering_00000675,22
big_clustering_00000676,15
big_clustering_00000677,15
big_clustering_00000678,19
big_clustering_00000679,22
big_clustering_00000680,21
big_clustering_00000681,22
big_clustering_00000682,19
big_clustering_00000683,22
big_clustering_00000684,19
big_clustering_00000685,26
big_clustering_00000686,22
big_clustering_00000687,24
big_clustering_00000688,19
big_clustering_00000689,22
big_clustering_00000690,23
big_clustering_00000691,23
big_clustering_00000692,26
big_clustering_00000693,24
big_clustering_00000694,19
big_clustering_00000695,24
big_clustering_00000696,27
big_clustering_00000697,19
big_clustering_00000698,19
big_clustering_00000699,25
big_clustering_00000700,26
big_clustering_00000701,26
big_clustering_00000702,25
big_clustering_00000703,24
big_clustering_00000704,17
big_clustering_00000705,26
big_clustering_00000706,23
big_clustering_00000707,22
big_clustering_00000708,22
big_clustering_00000709,26
big_clustering_00000710,22
big_clustering_00000711,15
big_clustering_00000712,25
big_clustering_00000713,26
big_clustering_00000714,27
big_clustering_00000715,6
big_clustering_00000716,23
big_clustering_00000717,18
big_clustering_00000718,22
big_clustering_00000719,26
big_clustering_00000720,19
big_clustering_00000721,26
big_clustering_00000722,19
big_clustering_00000723,19
big_clustering_00000724,26
big_clustering_00000725,23
big_clustering_00000726,25
big_clustering_00000727,22
big_clustering_00000728,19
big_clustering_00000729,22
big_clustering_00000730,24
big_clustering_00000731,23
big_clustering_00000732,28
big_clustering_00000733,6
big_clustering_00000734,28
big_clustering_00000735,19
big_clustering_00000736,24
big_clustering_00000737,26
big_clustering_00000738,19
big_clustering_00000739,24
big_clustering_00000740,6
big_clustering_00000741,25
big_clustering_00000742,29
big_clustering_00000743,22
big_clustering_00000744,19
big_clustering_00000745,25
big_clustering_00000746,26
big_clustering_00000747,19
big_clustering_00000748,24
big_clustering_00000749,23
big_clustering_00000750,29
big_clustering_00000751,23
big_clustering_00000752,19
big_clustering_00000753,27
big_clustering_00000754,29
big_clustering_00000755,26
big_clustering_00000756,22
big_clustering_00000757,24
big_clustering_00000758,30
big_clustering_00000759,22
big_clustering_00000760,26
big_clustering_00000761,22
big_clustering_00000762,26
big_clustering_00000763,22
big_clustering_00000764,25
big_clustering_00000765,23
big_clustering_00000766,23
big_clustering_00000767,23
big_clustering_00000768,23
big_clustering_00000769,23
big_clustering_00000770,24
big_clustering_00000771,30
big_clustering_00000772,26
big_clustering_00000773,26
big_clustering_00000774,26
big_clustering_00000775,30
big_clustering_00000776,25
big_clustering_00000777,27
big_clustering_00000778,24
big_clustering_00000779,19
big_clustering_00000780,22
big_clustering_00000781,25
big_clustering_00000782,17
big_clustering_00000783,23
big_clustering_00000784,19
big_clustering_00000785,23
big_clustering_00000786,25
big_clustering_00000787,22
big_clustering_00000788,29
big_clustering_00000789,25
big_clustering_00000790,26
big_clustering_00000791,19
big_clustering_00000792,26
big_clustering_00000793,24
big_clustering_00000794,25
big_clustering_00000795,26
big_clustering_00000796,26
big_clustering_00000797,25
big_clustering_00000798,22
big_clustering_00000799,22
big_clustering_00000800,22
big_clustering_00000801,23
big_clustering_00000802,23
big_clustering_00000803,26
big_clustering_00000804,28
big_clustering_00000805,24
big_clustering_00000806,24
big_clustering_00000807,24
big_clustering_00000808,30
big_clustering_00000809,22
big_clustering_00000810,26
big_clustering_00000811,24
big_clustering_00000812,28
big_clustering_00000813,19
big_clustering_00000814,23
big_clustering_00000815,27
big_clustering_00000816,25
big_clustering_00000817,23
big_clustering_00000818,28
big_clustering_00000819,26
big_clustering_00000820,28
big_clustering_00000821,27
big_clustering_00000822,29
big_clustering_00000823,24
big_clustering_00000824,26
big_clustering_00000825,25
big_clustering_00000826,25
big_clustering_00000827,31
big_clustering_00000828,19
big_clustering_00000829,22
big_clustering_00000830,22
big_clustering_00000831,27
big_clustering_00000832,31
big_clustering_00000833,23
big_clustering_00000834,19
big_clustering_00000835,22
big_clustering_00000836,29
big_clustering_00000837,25
big_clustering_00000838,30
big_clustering_00000839,22
big_clustering_00000840,31
big_clustering_00000841,22
big_clustering_00000842,23
big_clustering_00000843,26
big_clustering_00000844,19
big_clustering_00000845,22
big_clustering_00000846,19
big_clustering_00000847,25
big_clustering_00000848,25
big_clustering_00000849,31
big_clustering_00000850,25
big_clustering_00000851,22
big_clustering_00000852,27
big_clustering_00000853,6
big_clustering_00000854,22
big_clustering_00000855,23
big_clustering_00000856,26
big_clustering_00000857,28
big_clustering_00000858,22
big_clustering_00000859,26
big_clustering_00000860,31
big_clustering_00000861,28
big_clustering_00000862,25
big_clustering_00000863,28
big_clustering_00000864,32
big_clustering_00000865,22
big_clustering_00000866,22
big_clustering_00000867,23
big_clustering_00000868,25
big_clustering_00000869,26
big_clustering_00000870,23
big_clustering_00000871,26
big_clustering_00000872,26
big_clustering_00000873,27
big_clustering_00000874,25
big_clustering_00000875,22
big_clustering_00000876,31
big_clustering_00000877,29
big_clustering_00000878,26
big_clustering_00000879,29
big_clustering_00000880,32
big_clustering_00000881,32
big_clustering_00000882,26
big_clustering_00000883,25
big_clustering_00000884,27
big_clustering_00000885,26
big_clustering_00000886,19
big_clustering_00000887,23
big_clustering_00000888,31
big_clustering_00000889,32
big_clustering_00000890,30
big_clustering_00000891,28
big_clustering_00000892,25
big_clustering_00000893,31
big_clustering_00000894,27
big_clustering_00000895,30
big_clustering_00000896,31
big_clustering_00000897,28
big_clustering_00000898,23
big_clustering_00000899,22
big_clustering_00000900,24
big_clustering_00000901,23
big_clustering_00000902,26
big_clustering_00000903,25
big_clustering_00000904,25
big_clustering_00000905,25
big_clustering_00000906,31
big_clustering_00000907,27
big_clustering_00000908,19
big_clustering_00000909,23
big_clustering_00000910,25
big_clustering_00000911,25
big_clustering_00000912,29
big_clustering_00000913,29
big_clustering_00000914,31
big_clustering_00000915,27
big_clustering_00000916,29
big_clustering_00000917,22
big_clustering_00000918,27
big_clustering_00000919,27
big_clustering_00000920,25
big_clustering_00000921,23
big_clustering_00000922,25
big_clustering_00000923,30
big_clustering_00000924,26
big_clustering_00000925,28
big_clustering_00000926,25
big_clustering_00000927,23
big_clustering_00000928,25
big_clustering_00000929,25
big_clustering_00000930,26
big_clustering_00000931,25
big_clustering_00000932,29
big_clustering_00000933,26
big_clustering_00000934,27
big_clustering_00000935,25
big_clustering_00000936,27
big_clustering_00000937,29
big_clustering_00000938,28
big_clustering_00000939,25
big_clustering_00000940,25
big_clustering_00000941,24
big_clustering_00000942,27
big_clustering_00000943,27
big_clustering_00000944,25
big_clustering_00000945,28
big_clustering_00000946,31
big_clustering_00000947,28
big_clustering_00000948,23
big_clustering_00000949,22
big_clustering_00000950,30
big_clustering_00000951,29
big_clustering_00000952,28
big_clustering_00000953,23
big_clustering_00000954,26
big_clustering_00000955,27
big_clustering_00000956,22
big_clustering_00000957,31
big_clustering_00000958,31
big_clustering_00000959,22
big_clustering_00000960,22
big_clustering_00000961,25
big_clustering_00000962,23
big_clustering_00000964,25
big_clustering_00000965,27
big_clustering_00000966,31
big_clustering_00000967,24
big_clustering_00000968,23
big_clustering_00000969,19
big_clustering_00000970,27
big_clustering_00000971,19
big_clustering_00000972,29
big_clustering_00000973,27
big_clustering_00000974,29
big_clustering_00000975,25
big_clustering_00000976,27
big_clustering_00000977,26
big_clustering_00000978,26
big_clustering_00000979,25
big_clustering_00000980,31
big_clustering_00000981,32
big_clustering_00000982,27
big_clustering_00000983,25
big_clustering_00000984,28
big_clustering_00000985,27
big_clustering_00000986,26
big_clustering_00000987,27
big_clustering_00000988,30
big_clustering_00000989,30
big_clustering_00000990,27
big_clustering_00000991,29
big_clustering_00000992,19
big_clustering_00000993,28
big_clustering_00000994,26
big_clustering_00000995,23
big_clustering_00000996,23
big_clustering_00000997,29
big_clustering_00000998,23
big_clustering_00000999,19
big_clustering_00001000,19
big_clustering_00001001,30
big_clustering_00001002,30
big_clustering_00001003,26
big_clustering_00001004,24
big_clustering_00001005,25
big_clustering_00001006,28
big_clustering_00001007,19
big_clustering_00001008,31
big_clustering_00001009,31
big_clustering_00001010,30
big_clustering_00001011,29
big_clustering_00001012,23
big_clustering_00001013,28
big_clustering_00001014,28
big_clustering_00001015,29
big_clustering_00001016,27
big_clustering_00001017,28
big_clustering_00001018,30
big_clustering_00001019,25
big_clustering_00001020,26
big_clustering_00001021,26
big_clustering_00001022,27
big_clustering_00001023,19
big_clustering_00001024,28
big_clustering_00001025,25
big_clustering_00001026,22
big_clustering_00001027,23
big_clustering_00001028,27
big_clustering_00001029,27
big_clustering_00001030,31
big_clustering_00001031,29
big_clustering_00001032,25
big_clustering_00001033,30
big_clustering_00001034,23
big_clustering_00001035,23
big_clustering_00001036,29
big_clustering_00001037,29
big_clustering_00001038,31
big_clustering_00001039,28
big_clustering_00001040,25
big_clustering_00001041,27
big_clustering_00001042,32
big_clustering_00001043,27
big_clustering_00001044,28
big_clustering_00001045,29
big_clustering_00001046,27
big_clustering_00001047,25
big_clustering_00001048,23
big_clustering_00001049,23
big_clustering_00001050,24
big_clustering_00001051,25
big_clustering_00001052,29
big_clustering_00001053,30
big_clustering_00001054,30
big_clustering_00001055,19
big_clustering_00001056,25
big_clustering_00001057,25
big_clustering_00001058,32
big_clustering_00001059,28
big_clustering_00001060,19
big_clustering_00001061,23
big_clustering_00001062,25
big_clustering_00001063,25
big_clustering_00001064,31
big_clustering_00001065,25
big_clustering_00001066,27
big_clustering_00001067,25
big_clustering_00001068,26
big_clustering_00001069,25
big_clustering_00001070,25
big_clustering_00001071,30
big_clustering_00001072,30
big_clustering_00001073,31
big_clustering_00001074,23
big_clustering_00001075,29
big_clustering_00001076,22
big_clustering_00001077,27
big_clustering_00001078,31
big_clustering_00001079,29
big_clustering_00001080,19
big_clustering_00001081,29
big_clustering_00001082,30
big_clustering_00001083,25
big_clustering_00001084,25
big_clustering_00001085,31
big_clustering_00001086,26
big_clustering_00001087,24
big_clustering_00001088,24
big_clustering_00001089,30
big_clustering_00001090,27
big_clustering_00001091,27
big_clustering_00001092,32
big_clustering_00001093,31
big_clustering_00001094,31
big_clustering_00001095,25
big_clustering_00001096,31
big_clustering_00001097,28
big_clustering_00001098,25
big_clustering_00001099,31
big_clustering_00001100,25
big_clustering_00001101,23
big_clustering_00001102,30
big_clustering_00001103,27
big_clustering_00001104,25
big_clustering_00001105,30
big_clustering_00001106,25
big_clustering_00001107,27
big_clustering_00001108,30
big_clustering_00001109,25
big_clustering_00001110,25
big_clustering_00001111,30
big_clustering_00001112,25
big_clustering_00001113,19
big_clustering_00001114,29
big_clustering_00001115,32
big_clustering_00001116,31
big_clustering_00001117,30
big_clustering_00001118,26
big_clustering_00001119,30
big_clustering_00001120,29
big_clustering_00001121,23
big_clustering_00001122,30
big_clustering_00001123,27
big_clustering_00001124,24
big_clustering_00001125,25
big_clustering_00001126,25
big_clustering_00001127,31
big_clustering_00001128,29
big_clustering_00001129,32
big_clustering_00001130,32
big_clustering_00001131,27
big_clustering_00001132,28
big_clustering_00001133,28
big_clustering_00001134,26
big_clustering_00001135,32
big_clustering_00001136,25
big_clustering_00001137,25
big_clustering_00001138,25
big_clustering_00001139,19
big_clustering_00001140,29
big_clustering_00001141,28
big_clustering_00001142,19
big_clustering_00001143,28
big_clustering_00001144,25
big_clustering_00001145,24
big_clustering_00001146,30
big_clustering_00001147,28
big_clustering_00001148,30
big_clustering_00001149,29
big_clustering_00001150,27
big_clustering_00001151,31
big_clustering_00001152,27
big_clustering_00001153,29
big_clustering_00001154,27
big_clustering_00001155,23
big_clustering_00001156,27
big_clustering_00001157,26
big_clustering_00001158,31
big_clustering_00001159,25
big_clustering_00001160,29
big_clustering_00001161,28
big_clustering_00001162,27
big_clustering_00001163,25
big_clustering_00001164,31
big_clustering_00001165,25
big_clustering_00001166,25
big_clustering_00001167,25
big_clustering_00001168,27
big_clustering_00001169,25
big_clustering_00001170,23
big_clustering_00001171,25
big_clustering_00001172,30
big_clustering_00001173,30
big_clustering_00001174,25
big_clustering_00001175,30
big_clustering_00001176,27
big_clustering_00001177,30
big_clustering_00001178,31
big_clustering_00001179,27
big_clustering_00001180,28
big_clustering_00001181,30
big_clustering_00001182,25
big_clustering_00001183,29
big_clustering_00001184,25
big_clustering_00001185,30
big_clustering_00001186,31
big_clustering_00001187,27
big_clustering_00001188,25
big_clustering_00001189,27
big_clustering_00001190,25
big_clustering_00001191,28
big_clustering_00001192,27
big_clustering_00001193,32
big_clustering_00001194,25
big_clustering_00001195,32
big_clustering_00001196,32
big_clustering_00001197,27
big_clustering_00001198,25
big_clustering_00001199,25
big_clustering_00001200,27
big_clustering_00001201,23
big_clustering_00001202,27
big_clustering_00001203,23
big_clustering_00001204,23
big_clustering_00001205,23
big_clustering_00001206,26
big_clustering_00001207,25
big_clustering_00001208,23
big_clustering_00001209,25
big_clustering_00001210,25
big_clustering_00001211,29
big_clustering_00001212,25
big_clustering_00001213,27
big_clustering_00001214,30
big_clustering_00001215,30
big_clustering_00001216,27
big_clustering_00001217,25
big_clustering_00001218,27
big_clustering_00001219,30
big_clustering_00001220,31
big_clustering_00001221,28
big_clustering_00001222,25
big_clustering_00001223,25
big_clustering_00001224,29
big_clustering_00001225,32
big_clustering_00001226,25
big_clustering_00001227,19
big_clustering_00001228,23
big_clustering_00001229,28
big_clustering_00001230,31
big_clustering_00001231,24
big_clustering_00001232,23
big_clustering_00001233,31
big_clustering_00001234,29
big_clustering_00001235,32
big_clustering_00001236,30
big_clustering_00001237,30
big_clustering_00001238,25
big_clustering_00001239,30
big_clustering_00001240,27
big_clustering_00001241,28
big_clustering_00001242,26
big_clustering_00001243,32
big_clustering_00001244,27
big_clustering_00001245,31
big_clustering_00001246,25
big_clustering_00001247,23
big_clustering_00001248,28
big_clustering_00001249,27
big_clustering_00001250,31
big_clustering_00001251,31
big_clustering_00001252,31
big_clustering_00001253,25
big_clustering_00001254,32
big_clustering_00001255,27
big_clustering_00001256,25
big_clustering_00001257,25
big_clustering_00001258,30
big_clustering_00001259,27
big_clustering_00001260,25
big_clustering_00001261,23
big_clustering_00001262,25
big_clustering_00001263,25
big_clustering_00001264,28
big_clustering_00001265,32
big_clustering_00001266,23
big_clustering_00001267,28
big_clustering_00001268,23
big_clustering_00001269,28
big_clustering_00001270,31
big_clustering_00001271,31
big_clustering_00001272,30
big_clustering_00001273,23
big_clustering_00001274,31
big_clustering_00001275,28
big_clustering_00001276,25
big_clustering_00001277,30
big_clustering_00001278,25
big_clustering_00001279,30
big_clustering_00001280,31
big_clustering_00001281,31
big_clustering_00001282,29
big_clustering_00001283,28
big_clustering_00001284,27
big_clustering_00001285,25
big_clustering_00001286,25
big_clustering_00001287,28
big_clustering_00001288,25
big_clustering_00001289,25
big_clustering_00001290,27
big_clustering_00001291,25
big_clustering_00001292,32
big_clustering_00001293,25
big_clustering_00001294,30
big_clustering_00001295,28
big_clustering_00001296,28
big_clustering_00001297,30
big_clustering_00001298,32
big_clustering_00001299,30
big_clustering_00001300,27
big_clustering_00001301,27
big_clustering_00001302,30
big_clustering_00001303,30
big_clustering_00001304,30
big_clustering_00001305,25
big_clustering_00001306,28
big_clustering_00001307,30
big_clustering_00001308,25
big_clustering_00001309,29
big_clustering_00001310,27
big_clustering_00001311,25
big_clustering_00001312,25
big_clustering_00001313,25
big_clustering_00001314,23
big_clustering_00001315,25
big_clustering_00001316,27
big_clustering_00001317,32
big_clustering_00001318,25
big_clustering_00001319,29
big_clustering_00001320,31
big_clustering_00001321,30
big_clustering_00001322,30
big_clustering_00001323,30
big_clustering_00001324,30
big_clustering_00001325,30
big_clustering_00001326,27
big_clustering_00001327,27
big_clustering_00001328,27
big_clustering_00001329,29
big_clustering_00001330,27
big_clustering_00001331,31
big_clustering_00001332,28
big_clustering_00001333,29
big_clustering_00001334,25
big_clustering_00001335,27
big_clustering_00001336,32
big_clustering_00001337,31
big_clustering_00001338,31
big_clustering_00001339,25
big_clustering_00001340,29
big_clustering_00001341,25
big_clustering_00001342,31
big_clustering_00001343,27
big_clustering_00001344,28
big_clustering_00001345,29
big_clustering_00001346,30
big_clustering_00001347,26
big_clustering_00001348,32
big_clustering_00001349,26
big_clustering_00001350,30
big_clustering_00001351,29
big_clustering_00001352,25
big_clustering_00001353,27
big_clustering_00001354,25
big_clustering_00001355,31
big_clustering_00001356,27
big_clustering_00001357,24
big_clustering_00001358,25
big_clustering_00001359,31
big_clustering_00001360,31
big_clustering_00001361,30
big_clustering_00001362,32
big_clustering_00001363,32
big_clustering_00001364,27
big_clustering_00001365,28
big_clustering_00001366,31
big_clustering_00001367,31
big_clustering_00001368,23
big_clustering_00001369,23
big_clustering_00001370,23
big_clustering_00001371,25
big_clustering_00001372,32
big_clustering_00001373,25
big_clustering_00001374,25
big_clustering_00001375,27
big_clustering_00001376,25
big_clustering_00001377,30
big_clustering_00001378,30
big_clustering_00001379,26
big_clustering_00001380,30
big_clustering_00001381,27
big_clustering_00001382,31
big_clustering_00001383,27
big_clustering_00001384,25
big_clustering_00001385,28
big_clustering_00001386,32
big_clustering_00001387,25
big_clustering_00001388,27
big_clustering_00001389,29
big_clustering_00001390,32
big_clustering_00001391,29
big_clustering_00001392,25
big_clustering_00001393,28
big_clustering_00001394,31
big_clustering_00001395,31
big_clustering_00001396,28
big_clustering_00001397,19
big_clustering_00001398,25
big_clustering_00001399,25
big_clustering_00001400,31
big_clustering_00001401,25
big_clustering_00001402,31
big_clustering_00001403,32
big_clustering_00001404,30
big_clustering_00001405,31
big_clustering_00001406,25
big_clustering_00001407,25
big_clustering_00001408,30
big_clustering_00001409,27
big_clustering_00001410,26
big_clustering_00001411,30
big_clustering_00001412,25
big_clustering_00001413,25
big_clustering_00001414,25
big_clustering_00001415,27
big_clustering_00001416,25
big_clustering_00001417,23
big_clustering_00001418,25
big_clustering_00001419,23
big_clustering_00001420,25
big_clustering_00001421,32
big_clustering_00001422,27
big_clustering_00001423,28
big_clustering_00001424,25
big_clustering_00001425,30
big_clustering_00001426,25
big_clustering_00001427,30
big_clustering_00001428,27
big_clustering_00001429,28
big_clustering_00001430,25
big_clustering_00001431,27
big_clustering_00001432,25
big_clustering_00001433,29
big_clustering_00001434,25
big_clustering_00001435,27
big_clustering_00001436,27
big_clustering_00001437,30
big_clustering_00001438,30
big_clustering_00001439,32
big_clustering_00001440,30
big_clustering_00001441,31
big_clustering_00001442,31
big_clustering_00001443,29
big_clustering_00001444,27
big_clustering_00001445,23
big_clustering_00001446,25
big_clustering_00001447,30
big_clustering_00001448,25
big_clustering_00001449,26
big_clustering_00001450,27
big_clustering_00001451,32
big_clustering_00001452,32
big_clustering_00001453,27
big_clustering_00001454,23
big_clustering_00001455,27
big_clustering_00001456,25
big_clustering_00001457,29
big_clustering_00001458,27
big_clustering_00001459,32
big_clustering_00001460,27
big_clustering_00001461,27
big_clustering_00001462,25
big_clustering_00001463,32
big_clustering_00001464,30
big_clustering_00001465,25
big_clustering_00001466,25
big_clustering_00001467,26
big_clustering_00001468,32
big_clustering_00001469,27
big_clustering_00001470,31
big_clustering_00001471,27
big_clustering_00001472,32
big_clustering_00001473,28
big_clustering_00001474,25
big_clustering_00001475,23
big_clustering_00001476,27
big_clustering_00001477,25
big_clustering_00001478,29
big_clustering_00001479,32
big_clustering_00001480,31
big_clustering_00001481,27
big_clustering_00001482,27
big_clustering_00001483,25
big_clustering_00001484,25
big_clustering_00001485,27
big_clustering_00001486,25
big_clustering_00001487,32
big_clustering_00001488,25
big_clustering_00001489,30
big_clustering_00001490,30
big_clustering_00001491,30
big_clustering_00001492,31
big_clustering_00001493,27
big_clustering_00001494,30
big_clustering_00001495,27
big_clustering_00001496,31
big_clustering_00001497,27
big_clustering_00001498,27
big_clustering_00001499,31
big_clustering_00001500,25
big_clustering_00001501,25
big_clustering_00001502,27
big_clustering_00001503,30
big_clustering_00001504,30
big_clustering_00001505,27
big_clustering_00001506,27
big_clustering_00001507,28
big_clustering_00001508,25
big_clustering_00001509,32
big_clustering_00001510,25
big_clustering_00001511,27
big_clustering_00001512,31
big_clustering_00001513,29
big_clustering_00001514,27
big_clustering_00001515,30
big_clustering_00001517,23
big_clustering_00001518,32
big_clustering_00001519,27
big_clustering_00001520,25
big_clustering_00001521,25
big_clustering_00001522,31
big_clustering_00001523,27
big_clustering_00001524,27
big_clustering_00001525,27
big_clustering_00001526,27
big_clustering_00001527,29
big_clustering_00001528,31
big_clustering_00001529,28
big_clustering_00001530,27
big_clustering_00001531,28
big_clustering_00001532,27
big_clustering_00001533,27
big_clustering_00001534,27
big_clustering_00001535,25
big_clustering_00001536,23
big_clustering_00001537,32
big_clustering_00001538,29
big_clustering_00001539,25
big_clustering_00001540,25
big_clustering_00001541,23
big_clustering_00001542,31
big_clustering_00001543,23
big_clustering_00001544,25
big_clustering_00001545,25
big_clustering_00001546,27
big_clustering_00001547,27
big_clustering_00001548,32
big_clustering_00001549,28
big_clustering_00001550,25
big_clustering_00001551,25
big_clustering_00001552,25
big_clustering_00001553,25
big_clustering_00001554,30
big_clustering_00001555,28
big_clustering_00001556,27
big_clustering_00001557,29
big_clustering_00001558,27
big_clustering_00001559,27
big_clustering_00001560,27
big_clustering_00001561,32
big_clustering_00001562,25
big_clustering_00001563,32
big_clustering_00001564,30
big_clustering_00001565,25
big_clustering_00001566,27
big_clustering_00001567,27
big_clustering_00001568,25
big_clustering_00001569,25
big_clustering_00001570,28
big_clustering_00001571,30
big_clustering_00001572,32
big_clustering_00001573,23
big_clustering_00001574,30
big_clustering_00001575,31
big_clustering_00001576,27
big_clustering_00001577,27
big_clustering_00001578,23
big_clustering_00001579,27
big_clustering_00001580,27
big_clustering_00001581,25
big_clustering_00001582,27
big_clustering_00001583,25
big_clustering_00001584,32
big_clustering_00001585,30
big_clustering_00001586,31
big_clustering_00001587,28
big_clustering_00001588,27
big_clustering_00001589,25
big_clustering_00001590,27
big_clustering_00001591,23
big_clustering_00001592,27
big_clustering_00001593,25
big_clustering_00001594,27
big_clustering_00001595,32
big_clustering_00001596,30
big_clustering_00001597,25
big_clustering_00001598,32
big_clustering_00001599,23
big_clustering_00001600,27
big_clustering_00001601,29
big_clustering_00001602,23
big_clustering_00001603,32
big_clustering_00001604,31
big_clustering_00001605,31
big_clustering_00001606,27
big_clustering_00001607,23
big_clustering_00001608,27
big_clustering_00001609,30
big_clustering_00001610,23
big_clustering_00001611,29
big_clustering_00001612,27
big_clustering_00001614,30
big_clustering_00001615,27
big_clustering_00001616,31
big_clustering_00001617,27
big_clustering_00001618,27
big_clustering_00001619,32
big_clustering_00001620,25
big_clustering_00001621,30
big_clustering_00001622,26
big_clustering_00001623,27
big_clustering_00001624,27
big_clustering_00001625,30
big_clustering_00001626,32
big_clustering_00001627,31
big_clustering_00001628,25
big_clustering_00001629,25
big_clustering_00001630,32
big_clustering_00001631,25
big_clustering_00001632,32
big_clustering_00001633,25
big_clustering_00001634,29
big_clustering_00001635,27
big_clustering_00001636,30
big_clustering_00001637,27
big_clustering_00001638,25
big_clustering_00001639,29
big_clustering_00001640,31
big_clustering_00001641,29
big_clustering_00001642,29
big_clustering_00001643,29
big_clustering_00001644,25
big_clustering_00001645,29
big_clustering_00001646,25
big_clustering_00001647,25
big_clustering_00001648,25
big_clustering_00001649,29
big_clustering_00001650,25
big_clustering_00001651,25
big_clustering_00001652,27
big_clustering_00001653,30
big_clustering_00001654,30
big_clustering_00001655,31
big_clustering_00001656,29
big_clustering_00001657,31
big_clustering_00001658,27
big_clustering_00001659,31
big_clustering_00001660,31
big_clustering_00001661,31
big_clustering_00001662,25
big_clustering_00001663,31
big_clustering_00001664,28
big_clustering_00001665,31
big_clustering_00001666,27
big_clustering_00001667,27
big_clustering_00001668,23
big_clustering_00001669,30
big_clustering_00001670,30
big_clustering_00001671,27
big_clustering_00001672,27
big_clustering_00001673,31
big_clustering_00001674,28
big_clustering_00001675,30
big_clustering_00001676,28
big_clustering_00001677,29
big_clustering_00001678,32
big_clustering_00001679,29
big_clustering_00001680,31
big_clustering_00001681,32
big_clustering_00001682,32
big_clustering_00001683,32
big_clustering_00001684,28
big_clustering_00001685,32
big_clustering_00001686,25
big_clustering_00001687,27
big_clustering_00001688,23
big_clustering_00001690,25
big_clustering_00001691,25
big_clustering_00001692,27
big_clustering_00001693,27
big_clustering_00001694,27
big_clustering_00001695,23
big_clustering_00001696,23
big_clustering_00001697,23
big_clustering_00001698,23
big_clustering_00001699,30
big_clustering_00001700,25
big_clustering_00001701,25
big_clustering_00001702,27
big_clustering_00001703,28
big_clustering_00001704,27
big_clustering_00001705,25
big_clustering_00001707,30
big_clustering_00001708,25
big_clustering_00001709,27
big_clustering_00001710,28
big_clustering_00001711,25
big_clustering_00001714,28
big_clustering_00001715,31
big_clustering_00001716,27
big_clustering_00001717,27
big_clustering_00001718,32
big_clustering_00001719,23
big_clustering_00001720,32
big_clustering_00001721,23
big_clustering_00001722,28
big_clustering_00001724,27
big_clustering_00001725,23
big_clustering_00001726,32
big_clustering_00001727,23
big_clustering_00001728,25
big_clustering_00001729,31
big_clustering_00001730,30
big_clustering_00001731,27
big_clustering_00001732,29
big_clustering_00001733,25
big_clustering_00001734,25
big_clustering_00001735,28
big_clustering_00001736,25
big_clustering_00001737,29
big_clustering_00001738,29
big_clustering_00001739,29
big_clustering_00001740,32
big_clustering_00001741,27
big_clustering_00001742,28
big_clustering_00001743,28
big_clustering_00001744,28
big_clustering_00001745,24
big_clustering_00001746,23
big_clustering_00001747,25
big_clustering_00001748,31
big_clustering_00001749,32
big_clustering_00001750,27
big_clustering_00001751,29
big_clustering_00001752,30
big_clustering_00001753,29
big_clustering_00001754,32
big_clustering_00001755,32
big_clustering_00001756,25
big_clustering_00001761,27
big_clustering_00001762,30
big_clustering_00001763,29
big_clustering_00001764,30
big_clustering_00001766,30
big_clustering_00001767,27
big_clustering_00001768,27
big_clustering_00001769,27
big_clustering_00001770,27
big_clustering_00001771,25
big_clustering_00001772,31
big_clustering_00001773,29
big_clustering_00001774,27
big_clustering_00001775,27
big_clustering_00001776,32
big_clustering_00001777,27
big_clustering_00001778,31
big_clustering_00001779,25
big_clustering_00001780,25
big_clustering_00001781,29
big_clustering_00001782,27
big_clustering_00001783,25
big_clustering_00001784,29
big_clustering_00001785,29
big_clustering_00001787,25
big_clustering_00001788,29
big_clustering_00001789,25
big_clustering_00001790,27
big_clustering_00001791,28
big_clustering_00001792,28
big_clustering_00001793,28
big_clustering_00001794,28
big_clustering_00001795,25
big_clustering_00001796,25
big_clustering_00001797,27
big_clustering_00001798,28
big_clustering_00001799,31
big_clustering_00001800,31
big_clustering_00001801,27
big_clustering_00001802,31
big_clustering_00001803,28
big_clustering_00001804,25
big_clustering_00001805,27
big_clustering_00001806,27
big_clustering_00001808,25
big_clustering_00001809,31
big_clustering_00001810,30
big_clustering_00001811,31
big_clustering_00001812,23
big_clustering_00001813,32
big_clustering_00001814,28
big_clustering_00001816,25
big_clustering_00001818,25
big_clustering_00001820,25
big_clustering_00001821,25
big_clustering_00001822,27
big_clustering_00001823,31
big_clustering_00001824,30
big_clustering_00001825,25
big_clustering_00001826,25
big_clustering_00001827,29
big_clustering_00001828,27
big_clustering_00001829,27
big_clustering_00001830,29
big_clustering_00001831,25
big_clustering_00001832,31
big_clustering_00001833,27
big_clustering_00001834,25
big_clustering_00001835,27
big_clustering_00001836,25
big_clustering_00001837,32
big_clustering_00001838,25
big_clustering_00001839,25
big_clustering_00001841,29
big_clustering_00001842,28
big_clustering_00001844,27
big_clustering_00001845,28
big_clustering_00001847,27
big_clustering_00001849,31
big_clustering_00001850,30
big_clustering_00001851,25
big_clustering_00001852,29
big_clustering_00001853,25
big_clustering_00001854,28
big_clustering_00001855,29
big_clustering_00001856,29
big_clustering_00001857,27
big_clustering_00001858,25
big_clustering_00001859,28
big_clustering_00001860,28
big_clustering_00001861,29
big_clustering_00001862,29
big_clustering_00001863,28
big_clustering_00001864,29
big_clustering_00001865,29
big_clustering_00001866,28
big_clustering_00001867,27
big_clustering_00001869,28
big_clustering_00001870,30
big_clustering_00001872,29
big_clustering_00001873,23
big_clustering_00001874,32
big_clustering_00001876,28
big_clustering_00001877,25
big_clustering_00001878,31
big_clustering_00001879,31
big_clustering_00001880,27
big_clustering_00001882,31
big_clustering_00001887,28
big_clustering_00001889,25
big_clustering_00001890,25
big_clustering_00001891,25
big_clustering_00001893,27
big_clustering_00001895,30
big_clustering_00001896,30
big_clustering_00001897,28
big_clustering_00001900,28
big_clustering_00001901,28
big_clustering_00001902,25
big_clustering_00001903,25
big_clustering_00001904,27
big_clustering_00001905,29
big_clustering_00001906,25
big_clustering_00001907,28
big_clustering_00001908,28
big_clustering_00001911,25
big_clustering_00001912,29
big_clustering_00001913,27
big_clustering_00001914,32
big_clustering_00001915,32
big_clustering_00001916,32
big_clustering_00001917,25
big_clustering_00001919,31
big_clustering_00001921,29
big_clustering_00001922,31
big_clustering_00001924,27
big_clustering_00001926,28
big_clustering_00001928,27
big_clustering_00001929,28
big_clustering_00001930,31
big_clustering_00001931,23
big_clustering_00001933,27
big_clustering_00001934,25
big_clustering_00001935,27
big_clustering_00001936,28
big_clustering_00001937,25
big_clustering_00001938,23
big_clustering_00001939,25
big_clustering_00001940,31
big_clustering_00001941,28
